{"episode_lengths": [200, 200, 200, 200, 200, 200, 200, 200, 200, 200, 200, 200, 200, 200, 200, 200, 200, 200, 200, 200, 200, 200, 200, 200, 200, 200, 200, 200, 200, 200, 200, 200, 200, 200, 200, 200, 200, 200, 200, 200, 200, 200, 200, 200, 200, 200, 200, 200, 200, 200, 200, 200, 200, 200, 200, 200, 200, 200, 200, 200, 200, 200, 200, 200, 200, 200, 200, 200, 200, 200, 200, 200, 200, 200, 200, 200, 200, 200, 200, 200, 200, 200, 200, 200, 200, 200, 200, 200, 200, 200, 200, 200, 200, 200, 200, 200, 200, 200, 200, 200, 200, 200, 200, 200, 200, 200, 200, 200, 200, 200, 200, 200, 200, 200, 200, 200, 200, 200, 200, 200, 200, 200, 200, 200, 200, 200, 200, 200, 200, 200, 200, 200, 200, 200, 200, 200, 200, 200, 200, 200, 200, 200, 200, 200, 200, 200, 200, 200, 200, 200, 200, 200, 200, 200, 200, 200, 200, 200, 200, 200, 200, 200, 200, 200, 200, 200, 200, 200, 200, 200, 200, 200, 200, 200, 200, 200, 200, 200, 200, 200, 200, 200, 200, 200, 200, 200, 200, 200, 200, 200, 200, 200, 200, 200, 200, 200, 200, 200, 200, 200, 200, 200, 200, 200, 200, 200, 200, 200, 200, 200, 200, 200, 200, 200, 200, 200, 200, 200, 200, 200, 200, 200, 200, 200, 200, 200, 200, 200, 200, 200, 200, 200, 200, 200, 200, 200, 200, 200, 200, 200, 200, 200, 200, 200, 200, 200, 200, 200, 200, 200, 200, 200, 200, 200, 200, 200, 200, 200, 200, 200, 200, 200, 200, 200, 200, 200, 200, 200, 200, 200, 200, 200, 200, 200, 200, 200, 200, 200, 200, 200, 200, 200, 200, 200, 200, 200, 200, 200, 200, 200, 200, 200, 200, 200, 200, 200, 200, 200, 200, 200, 200, 200, 200, 200, 200, 200, 200, 200, 200, 200, 200, 200, 200, 200, 200, 200, 200, 200, 200, 200, 200, 200, 200, 200, 200, 200, 200, 200, 200, 200, 200, 200, 200, 200, 200, 200, 200, 200, 200, 200, 200, 200, 200, 200, 200, 200, 200, 200, 200, 200, 200, 200, 200, 200], "episode_rewards": [-1286.6910917052448, -1127.9038463406064, -1061.525021833805, -1347.5175772492332, -1546.5938474052489, -1262.1672734074161, -1191.0647994911433, -1658.4131866853354, -1042.1116421272093, -1173.12586003502, -872.9060549492427, -1016.7396655788949, -976.3790383060567, -1026.4404198983418, -924.7035712239635, -908.8443638923823, -1071.0368890817879, -981.2079943413962, -1182.3384619808205, -1084.1617438072042, -1145.1938242973865, -990.5654990744067, -1260.1180996464252, -943.0460148384058, -986.3778435585554, -1051.6720498647746, -1171.288070881059, -1489.8008303484264, -888.5736873394475, -1329.423025953715, -1548.9598548977565, -1101.0815754783778, -1285.4468505258694, -1013.9479823450002, -908.0619513840423, -1199.486162845344, -1288.770511126875, -1753.7944552718118, -1192.314792067522, -798.2757189050017, -1006.6951623723503, -939.7344866993241, -1515.2230112530444, -1323.6151220841857, -935.0590732040203, -961.9546486143191, -953.0617660913853, -1499.9934444332646, -1481.3446379095353, -876.6792498745089, -1347.5964358483486, -951.4672701625767, -1335.6228351481564, -1613.4315523953346, -1774.578231872328, -1784.082762994107, -1644.4167409401446, -1788.1818940840526, -1661.7780154516224, -1761.7885876244793, -1544.2060315315032, -1669.391640059081, -1527.9266834450693, -1725.8940165088848, -1519.7286714918832, -1639.0526012136825, -1670.4244850369228, -1496.432845144224, -1420.9151900074457, -1741.3611739592723, -1369.8708143141184, -1597.504882223098, -1509.461956218153, -1623.5324789609629, -1713.8927899599805, -1717.573755109605, -1665.2538912075072, -1457.9029179578213, -1705.7189649099266, -1376.7280658880438, -1721.0197788729147, -1718.91727368601, -1435.5758242628322, -1629.9117983261315, -1736.2890535872918, -1693.7806392655182, -813.9937931911858, -1665.5550090442837, -1238.3014017464777, -1711.399668271279, -1228.2031474964456, -1480.4424313685222, -1142.7502073834617, -1125.9199844188636, -1135.3032965370505, -1375.795052386197, -1663.4315803488873, -999.766342321256, -1162.5870877268817, -1016.8049675025819, -506.77025558070216, -752.0501783387551, -1010.1703251406708, -1277.6002157392313, -792.0790905890623, -502.30276423185495, -759.7203228013703, -499.8130980718063, -382.2646793152886, -1201.2669183940086, -755.7505812476699, -820.1896591383302, -1019.0390727616692, -785.8055878164557, -256.131540959283, -860.6942359642147, -1016.0237383218167, -789.5200680190788, -629.813599681544, -721.0892623934091, -533.2641519002635, -637.9217491470939, -660.8093112837823, -883.9504363685834, -324.7386270873908, -508.62111524029257, -255.12817463975955, -763.7512715260381, -886.9630036538512, -630.2152799229764, -511.68594622633907, -750.1147689009417, -403.4593096848444, -626.808274518294, -817.6871416672391, -501.9979274100056, -647.2233325211528, -261.2239216628958, -903.786078362132, -400.2767116952419, -758.3659488215403, -898.160701616481, -856.5994335758704, -502.9405593225847, -901.9195798197622, -739.68161470023, -382.34242765871494, -765.2612465670687, -242.90812754350233, -907.5292291476713, -479.105176501046, -795.4593052795174, -441.1126524176214, -879.0936665503447, -128.79711335295985, -674.3191049337777, -653.3499013508584, -373.54144103977535, -420.58863699619883, -824.4741220946826, -968.6348521352356, -858.6626934844093, -251.8763300113426, -747.1270616790073, -837.1558389166937, -739.1315878886434, -896.5865605353656, -496.3886428327438, -379.83477928298777, -373.35801393429944, -497.87944450930854, -602.4234145475525, -657.3145426286509, -496.3889736059136, -515.5346224408803, -736.4382147147011, -360.2048321525591, -775.3756920515632, -253.1712787620571, -486.80087722532335, -380.20603763579794, -384.0207013034156, -619.6785010183187, -253.95296917583195, -264.7023100919411, -740.3652130249986, -500.50560990761477, -493.4634850363413, -385.76170771994634, -126.72506024124745, -378.4314193291513, -359.88843186768577, -383.3019276816294, -246.25486786091116, -251.45732921001013, -378.2421273040265, -254.28873599960863, -497.1913075125974, -248.1574083428618, -505.4624225359388, -502.88692284668065, -245.73933136323438, -357.9307167994112, -366.7288596315289, -527.025150905667, -245.84832804992382, -571.9033588608013, -125.1590812016347, -124.293554055135, -368.39974709331545, -124.29498461520221, -243.68116859129927, -344.9723933551369, -251.483342991781, -248.05422679253192, -370.6479539413236, -754.0448101335377, -252.67577923227972, -361.8872423589609, -123.98801245088359, -125.98927488353154, -579.0662246831541, -726.0348003186381, -610.5303560146754, -374.49567079797527, -260.10854425037047, -373.86538949636633, -127.18849701667108, -499.0702562973687, -371.23441204359955, -366.72428142700295, -253.35382540243106, -624.7424652513271, -370.6610571499717, -127.19868754432171, -610.566554446864, -477.25751669393605, -378.2046410134755, -499.4035940414411, -832.6704610522653, -127.48770642109523, -252.03346015093763, -487.760567149633, -126.93915710497545, -252.90608879891693, -122.77098192931797, -251.49237761392806, -370.06850540658456, -518.6788213355793, -372.1607204367628, -253.33931382430734, -856.6179380274546, -369.3502151351905, -123.35605965789605, -367.62595509881163, -367.81267836669815, -490.6080327267908, -779.0800418040745, -660.6386676803014, -505.1510039844173, -125.27931667328907, -368.17047882311795, -871.7914477098627, -771.3202360732374, -597.169560736377, -127.63872026273003, -414.4358187783789, -370.761425620867, -618.0663527895457, -681.7978527147741, -377.80893352096075, -248.78550876005875, -356.79100917257864, -615.8794128715539, -363.3082397221617, -897.6615703736541, -780.2542934432671, -1538.986019666797, -120.06573513140485, -376.96571111433474, -120.17367040323654, -126.0648436491939, -370.3271474610396, -991.5253979837173, -613.4910485650332, -257.55235619203694, -374.69200350779647, -376.44550226103706, -369.3755810730192, -371.1343426330117, -369.60967428409504, -571.5895396373072, -128.52997495683132, -729.8346044142644, -128.4199987915821, -487.69135729330696, -251.18064105000167, -485.6696004233487, -379.12135545952, -1161.5804932653243, -251.12620288932015, -1298.2016807024386, -124.2949306962065, 