{"timestamps": [1499782017.0403087, 1499782019.733082, 1499782020.4999104, 1499782021.1779966, 1499782021.8396888, 1499782022.5090842, 1499782023.1836836, 1499782023.8736243, 1499782026.4893463, 1499782027.2424173, 1499782027.9190207, 1499782028.6063404, 1499782029.284887, 1499782029.9527645, 1499782030.610463, 1499782031.267281, 1499782031.9256272, 1499782032.5860312, 1499782033.2543821, 1499782033.9316366, 1499782034.606135, 1499782035.2864473, 1499782035.9713967, 1499782036.6509426, 1499782037.349158, 1499782038.0410917, 1499782038.7302787, 1499782041.3688927, 1499782042.1597786, 1499782042.8561273, 1499782043.5345864, 1499782044.2077792, 1499782044.8729455, 1499782045.5518138, 1499782046.2302024, 1499782046.9044309, 1499782047.5682402, 1499782048.2206037, 1499782048.8911548, 1499782049.5809746, 1499782050.2612844], "episode_types": ["t", "t", "t", "t", "t", "t", "t", "t", "t", "t", "t", "t", "t", "t", "t", "t", "t", "t", "t", "t", "t", "t", "t", "t", "t", "t", "t", "t", "t", "t", "t", "t", "t", "t", "t", "t", "t", "t", "t", "t", "t", "t"], "episode_rewards": [-1058.4338719805492, -1368.596246809976, -983.028505813292, -1696.6740641692313, -886.7759155279331, -1326.2804418636658, -912.032567894698, -1093.0480422453484, -1539.9041826934597, -1095.2505546357986, -1100.9962107947913, -1128.7188911284036, -1448.2824815744268, -1035.3777736116429, -1536.5059502980594, -836.3530801408664, -1085.9777251325681, -1091.0485123676817, -1569.0686715836002, -1388.744624127819, -1349.6446439109088, -1551.7535427176952, -1647.4354148196437, -1044.8901626557317, -1199.9043241484871, -980.18211979743, -1070.1145326659198, -975.9701126888855, -1105.985320839875, -1036.3407111446836, -1258.6468244172288, -1460.3288434248907, -914.0514343743597, -1515.3925962654173, -1432.722995772607, -1465.5526272727996, -960.2781914945327, -1563.3136426389985, -1040.0009353609219, -1504.1654124302459, -977.3347452441324], "initial_reset_timestamp": 1499782013.4132729, "episode_lengths": [200, 200, 200, 200, 200, 200, 200, 200, 200, 200, 200, 200, 200, 200, 200, 200, 200, 200, 200, 200, 200, 200, 200, 200, 200, 200, 200, 200, 200, 200, 200, 200, 200, 200, 200, 200, 200, 200, 200, 200, 200]}